Amendment	0
Employment Agmt.	1
Revolving Credit Agmt.	2
Consulting Services Agmt.	3
Office Lease	4
Note Purchase Agmt.	5
Loan Agmt.	6
Promissory Note	7
Conversion Agmt.	8
Stock Purchase Agmt.	9
Marketing Agmt.	10
Equity/Note Distribution Agmt.	11
Merger/Acquisition Agmt.	12
Confidentiality/NDA Agmt.	13
Distribution Agmt.	14
Warrant	15
License	16
Non-Compete Agmt.	17
Patent License Agmt.	18
Joint Venture Agmt.	19
Manufacturing Agmt.	20
Sales Agmt.	21
Services Agmt.	22
Development Agmt.	23
Land Lease	24
Software License Agmt.	25
R&D Agmt.	26
At-the-market Offering Agmt.	27
Collateral Pledge Agmt.	28
Assignment & Assumption Agmt.	29
Equipment Lease	30
Stock Option Agmt.	31
Bridge Loan Agmt.	32
Plan of Reorganization	33
Term Loan Agmt.	34
Royalty Agmt.	35
Retail Lease	36
